{
  "view/fragments/TableDetalle.fragment.xml": 1667405857595,
  "controller/BaseController.js": 1667405857591,
  "utils/locate-reuse-libs.js": 1667405857591,
  "model/models.js": 1667405857591,
  "model/formatter.js": 1667405857591,
  "controller/Service.js": 1667405857591,
  "controller/Main.controller.js": 1667405857591,
  "controller/Detail.controller.js": 1667405857591,
  "manifest.json": 1667409963541,
  "controller/App.controller.js": 1667405857591,
  "Component.js": 1667405857591,
  "manifest-bundle.zip": 1667409963557,
  "Component-preload.js": 1667409963965,
  "Component-dbg.js": 1667405857591,
  "model/models-dbg.js": 1667405857591,
  "model/formatter-dbg.js": 1667405857591,
  "controller/Service-dbg.js": 1667405857591,
  "controller/Main-dbg.controller.js": 1667405857591,
  "controller/Detail-dbg.controller.js": 1667405857591,
  "controller/BaseController-dbg.js": 1667405857591,
  "controller/App-dbg.controller.js": 1667405857591,
  "utils/locate-reuse-libs-dbg.js": 1667405857591,
  "view/fragments/TableMain.fragment.xml": 1667405857595,
  "i18n/i18n.properties": 1667405857591,
  "view/dialogs/LoadMasive.fragment.xml": 1667405857595,
  "view/dialogs/EditContact.fragment.xml": 1667405857595,
  "view/dialogs/DetailPedido.fragment.xml": 1667405857595,
  "view/dialogs/AddProducto.fragment.xml": 1667405857595,
  "view/dialogs/AddPedido.fragment.xml": 1667405857595,
  "view/dialogs/AddEan.fragment.xml": 1667405857595,
  "view/Main.view.xml": 1667405857595,
  "view/Detail.view.xml": 1667405857595,
  "view/App.view.xml": 1667405857591,
  "css/style.css": 1667405857591,
  "index.html": 1667405857591
}